{"cameraMode":{"drawMode":0,"name":"Shaded","section":"Shading Mode"},"sceneLighting":true,"audioPlay":false,"sceneViewState":{"m_AlwaysRefresh":false,"showFog":true,"showSkybox":true,"showFlares":true,"showImageEffects":true,"showParticleSystems":true,"showVisualEffectGraphs":true,"m_FxEnabled":true},"in2DMode":false,"pivot":{"x":1.4945085048675538,"y":-51.43483352661133,"z":-18.093149185180665},"rotation":{"x":0.6319288015365601,"y":0.04687118902802467,"z":-0.03841354697942734,"w":0.7727238535881043},"size":26.904041290283204,"orthographic":false}