{"cameraMode":{"drawMode":0,"name":"Shaded","section":"Shading Mode"},"sceneLighting":true,"audioPlay":false,"sceneViewState":{"m_AlwaysRefresh":false,"showFog":true,"showSkybox":true,"showFlares":true,"showImageEffects":true,"showParticleSystems":true,"showVisualEffectGraphs":true,"m_FxEnabled":true},"in2DMode":false,"pivot":{"x":-0.0599999725818634,"y":0.4500001072883606,"z":-5.480000019073486},"rotation":{"x":0.25253549218177798,"y":-0.008407513611018658,"z":0.002194654196500778,"w":0.9675498008728027},"size":1.6124955415725709,"orthographic":false}